"红笔编号","原文件","年份","地点","网站英文标题","网站英文图注","复核说明","状态"
"1","IMG_7581.jpg","1984","","A conversation","Meeting with Chinese master painter Liu Haisu in 1984.","拜访刘海粟；与照片及现有 1984 年资料一致。","已核对"
"2","IMG_7587.jpg","1988","Taipei, Taiwan","Preparing an exhibition in Taipei","With Ping Hsin-tao and Chiung Yao while preparing Yi Kai’s 1988 solo exhibition at the Crown Art Center in Taipei.","与平鑫涛、琼瑶筹备 1988 年台湾个展；保留已确认的台北皇冠艺文中心信息。","已核对"
"3","1990b(1).jpg","1990","St. Paul, Minnesota","With Leonard Woodcock","With Leonard Woodcock, former chief of the U.S. Liaison Office in Beijing, at Yi Kai’s 1990 solo exhibition in St. Paul, Minnesota.","按新批注改为前中美联络处主任伍德科克；地点改为 St. Paul, Minnesota。","已核对"
"4","1990b(2).jpg","1990","University of Minnesota, MN","With Joan Mondale","With Joan Mondale, wife of former Vice President Walter Mondale, at Yi Kai’s 1990 solo exhibition at the University of Minnesota.","蒙代尔夫人参观 1990 年个展；Joan Mondale 拼写及原有展览场地沿用已确认资料。","已核对"
"5","1990c.jpg","1990","University of Minnesota, MN","With Barbara Henderson","With Barbara Henderson, President of the US-China Peoples Friendship Association, at Yi Kai’s 1990 solo exhibition at the University of Minnesota.","美中友协主席与 1990 年个展；Barbara Henderson 拼写沿用此前确认。","已核对"
"6","1995a.jpg","1995","Minneapolis","An evening at MIA","With the director of the Minneapolis Institute of Art at the opening of the 1995 MIA group exhibition.","确认 1995 年 MIA 群展；馆长姓名疑似“艾文”，英文待确认，网页暂只写职务。","待确认"
"7","1995b.jpg","1995","Minneapolis","Talking about making art","Discussing the experience of making art with a collaborator at the opening of the 1995 MIA group exhibition.","确认 MIA 群展开幕式交谈创作经验；手写似 Joe Arken，与此前 John Aken 冲突，网页暂不写姓名和教授头衔。","待确认"
"8","1995c.jpg","1995","Minneapolis","With “The Gate”","With “The Gate” at the opening of the 1995 group exhibition at the Minneapolis Institute of Art.","确认 1995 年 MIA 群展及作品“门”（The Gate）。","已核对"
"9","1998a.jpg","1998","Hong Kong","An opening in Hong Kong","With Alice King and the president of Hang Seng Bank at the opening of Yi Kai’s 1998 solo exhibition at Alisan Fine Arts in Hong Kong.","按红笔确定 1998 年；金董建平与恒生银行总裁出席香港艺倡个展开幕式。","已核对"
"10","IMG_7584.jpg","1999","Minneapolis","At Dolly Fiterman Gallery","With Alice King of Alisan Fine Arts at the opening of Yi Kai’s 1999 solo exhibition at Dolly Fiterman Gallery in Minneapolis.","金董建平（Alice King）与 1999 年明尼阿波利斯 Dolly Fiterman 个展开幕式；同时对应第一页上方未重新编号的同一批注。","已核对"
"11","IMG_7590.jpg","1999","Minneapolis","Opening night","At the opening of a four-artist exhibition at Dolly Fiterman Gallery in 1999.","从个展更正为 1999 年 Dolly Fiterman 四人展。","已核对"
"12","IMG_7591.jpg","1999","Minneapolis","Friends and visitors","With friends and visitors at the opening of a four-artist exhibition at Dolly Fiterman Gallery in 1999.","从个展更正为 1999 年 Dolly Fiterman 四人展开幕式。","已核对"
"13","2000.jpg","2000","Hong Kong","A visit to the exhibition","The U.S. Consul General in Hong Kong and Alice King attend the opening of Yi Kai’s solo exhibition in 2000.","2000 年美国驻香港总领事与金董建平出席个展开幕式；补齐 Alice King。","已核对"
"14","2014a.JPG","2014","Lancaster, California","Together in Lancaster","At the opening of Yi Kai’s 2014 solo exhibition at the Museum of Art and History in Lancaster, California.","2014 年 Lancaster 个展开幕式；批注“历史艺术博物馆”与第 16 张海报 MOAH 对应。","已核对"
"15","2014c.jpg","2014","Lancaster, California","At the Lancaster exhibition","At Yi Kai’s solo exhibition in Lancaster, California, in 2014.","确认 2014 年 Lancaster 展览；手写活动名称待确认，网页暂写展览现场。","待确认"
"16","2014d.jpg","2014","Lancaster, California","Selected paintings and works on paper","Opening reception poster for Yi Kai: Selected Paintings and Works on Paper at the Museum of Art and History, Lancaster. March 29, 2014.","此项是 Lancaster 2014 年展览海报，并非 2015 年广州照片。红笔 16 改为 17 的批注归给下一项；本项按海报保留 2014-03-29 开幕日期。","已核对"
"17","2015 b.JPG","2015","Guangzhou","The travelling exhibition","At the 2015 opening at 53 Art Museum in Guangzhou, part of an exhibition travelling between Claremont Graduate University, Alisan Fine Arts and Guangzhou.","红笔由 16 改为 17；对应 CGU、香港艺倡、广州 53 美术馆巡展，2015 年广州开幕。","已核对"
"18","2015a.JPG","2015","Claremont, California","An opening at Claremont","The Claremont Graduate University opening of the 2015 travelling exhibition.","2015 年巡展 CGU 开幕；与网站图片一致。","已核对"
"19","2015c.JPG","2015","Hong Kong","The exhibition in Hong Kong","At the Alisan Fine Arts opening of the 2015 travelling exhibition in Hong Kong.","2015 年巡展香港开幕；补齐艺倡画廊 Alisan Fine Arts。","已核对"
"20","2015d.JPG","2015","Hong Kong","In conversation","In conversation with David Pagel at the Hong Kong opening in 2015.","2015 年香港开幕时与 David Pagel 交谈；英文拼写沿用已确认资料。","已核对"
"21","IMG_0090.jpg","2015","Hong Kong","With collectors","With collectors at the Hong Kong exhibition opening in 2015.","2015 年香港开幕时与作品收藏者合影。","已核对"
"22","IMG_3608.jpg","2016","Hong Kong","A gallery anniversary","With Alisan Fine Arts director Daphne King at the gallery’s 35th anniversary exhibition opening in Hong Kong in 2016.","2016 年艺倡 35 周年，与画廊 director Daphne King；英文拼写沿用已确认资料。","已核对"
"23","2018a.JPG","2018","Tianjin, China","Across institutions","Organising and curating a 2018 group exhibition involving Claremont Graduate University and the Tianjin Academy of Fine Arts Museum.","2018 年组织、策展 CGU 与天津美术学院美术馆群展。","已核对"
"24","2023b(2).jpg","2023","China","A visit together","Accompanying USC Roski School of Art and Design dean Haven Lin-Kirk on a visit in China.","2023 年带领 USC 院长 Haven Lin-Kirk 在中国访问；具体是中国美术学院还是多所院校待确认。","待确认"
"25","2023c(1).png","2023","China","Exhibitions and exchanges","Curating exhibitions connecting Claremont Graduate University and USC with Tianjin and Guangzhou, China, in 2023.","2023 年策展：CGU、USC、中国天津及广州；按批注改写原先模糊说明。","已核对"
"26","194.JPG","2026","Houston, Texas","A family gathering","With his son, his daughter-in-law’s family and guests at the 2026 National ACE Annual Conference in Houston, Texas.","2026 年与儿子、儿媳一家在全美亚洲商会合影；宇航员及夫妇姓名无法准确辨认，暂不署名。","待确认"
"27","DSC_0057.jpg","未注明","Minnesota","In the museum collection","“Mixture for Ever” on view in the collection of the Minnesota Museum of American Art.","核对照片下方原印字：作品名为 MIXTURE FOR EVER；是作品名，非展览名。补入图注；未提供年份，保留未注明。","已核对"
"28","IMG_3623.jpg","2016","Hong Kong","Celebrating the gallery","With Tung Chee-hwa, Alice King and Steven King at the Alisan Fine Arts 35th anniversary exhibition opening in Hong Kong in 2016.","明确补上 2016 年；按批注列为董建华、金董建平、Steven King，移除原先无依据的“他的家人”。","已核对"