"清单编号","原文件名","稳定ID","年份","地点","标题","网站英文介绍","待核对事项","确认无误","修改意见"
"1","IMG_7581.jpg","a-conversation","1984","","A conversation","Meeting with Chinese master painter Liu Haisu in 1984.","","",""
"2","IMG_7587.jpg","taiwan-1988","1988","Taipei, Taiwan","Preparing an exhibition in Taipei","With Ping Hsin-tao and Chiung Yao while preparing Yi Kai’s 1988 solo exhibition at the Crown Art Center in Taipei.","","",""
"3","1990b(1).jpg","st-paul-01","1990","University of Minnesota, MN","With Leonard Woodcock","With Leonard Woodcock, former U.S. Ambassador to China, at Yi Kai’s 1990 solo exhibition at the University of Minnesota.","","",""
"4","1990b(2).jpg","st-paul-02","1990","University of Minnesota, MN","With Joan Mondale","With Joan Mondale, wife of former Vice President Walter Mondale, at Yi Kai’s 1990 solo exhibition at the University of Minnesota.","","",""
"5","1990c.jpg","st-paul-03","1990","University of Minnesota, MN","With Barbara Henderson","With Barbara Henderson, President of the US-China Peoples Friendship Association, at Yi Kai’s 1990 solo exhibition at the University of Minnesota.","","",""
"6","1995a.jpg","mia-01","1995","Minneapolis","An evening at MIA","With the Director of the Minneapolis Institute of Art at the 1995 MIA exhibition opening.","介绍沿用您提供的院长身份；若希望署名，可补充姓名。","",""
"7","1995b.jpg","mia-02","1995","","Talking about making art","In conversation with collaborator Professor John Aken at the MIA exhibition opening.","John Aken 的拼写沿用您确认的版本。","",""
"8","1995c.jpg","mia-03","1995","Minneapolis","With “The Gate”","With “The Gate” at the MIA exhibition opening in 1995.","","",""
"9","1998a.jpg","hong-kong-1998","1998","Hong Kong","An opening in Hong Kong","With the CEO of Hang Seng Bank and Chairman Kim in Hong Kong, 1998.","可补充 Hang Seng Bank CEO 的姓名及 Chairman Kim 的全名；目前不推断。","",""
"10","IMG_7584.jpg","dolly-fiterman-01","1999","","At Dolly Fiterman Gallery","Chairman Kim attending the opening of Yi Kai’s solo exhibition at Dolly Fiterman Gallery in 1999.","Chairman Kim 的全名未提供；文件名与拍摄年份无关，年份按您确认的 1999。","",""
"11","IMG_7590.jpg","dolly-fiterman-02","1999","","Opening night","The opening of a solo exhibition at Dolly Fiterman Gallery in 1999.","","",""
"12","IMG_7591.jpg","dolly-fiterman-03","1999","","Friends and visitors","Visitors at the opening of the 1999 solo exhibition at Dolly Fiterman Gallery.","","",""
"13","2000.jpg","hong-kong-2000","2000","Hong Kong","A visit to the exhibition","The U.S. Consul General in Hong Kong attends a solo exhibition opening with the gallery host.","美国驻香港总领事与画廊主持人的姓名尚未提供。","",""
"14","2014a.JPG","lancaster-01","2014","Lancaster, California","Together in Lancaster","At the opening of the solo exhibition in Lancaster.","","",""
"15","2014c.jpg","lancaster-02","2014","Lancaster, California","A moment at the opening","A photograph from the Lancaster solo exhibition opening.","","",""
"16","2014d.jpg","lancaster-poster","2014","Lancaster, California","Selected paintings and works on paper","Opening reception poster for Yi Kai: Selected Paintings and Works on Paper at the Museum of Art and History, Lancaster. March 29, 2014.","","",""
"17","2015 b.JPG","guangzhou-2015","2015","Guangzhou","The travelling exhibition","The opening at 53 Art Museum in Guangzhou, part of an exhibition travelling between Claremont Graduate University, Alisan Fine Arts and Guangzhou.","","",""
"18","2015a.JPG","claremont-2015","2015","Claremont, California","An opening at Claremont","The Claremont Graduate University opening of the 2015 travelling exhibition.","","",""
"19","2015c.JPG","hong-kong-2015","2015","Hong Kong","The exhibition in Hong Kong","At the Hong Kong opening of the 2015 travelling exhibition.","","",""
"20","2015d.JPG","conversation-2015","2015","Hong Kong","In conversation","In conversation with David Pagel at the Hong Kong opening in 2015.","","",""
"21","IMG_0090.jpg","collectors-2015","2015","Hong Kong","With collectors","With collectors at the Hong Kong exhibition opening in 2015.","","",""
"22","IMG_3608.jpg","alisan-anniversary-01","2016","Hong Kong","A gallery anniversary","With Alisan Fine Arts director Daphne King at the gallery’s 35th anniversary exhibition opening.","","",""
"23","2018a.JPG","curating-2018","2018","","Across institutions","Organising and curating a group exhibition involving Claremont Graduate University and the Tianjin Academy of Fine Arts Museum.","","",""
"24","2023b(2).jpg","visit-2023","2023","China","A visit together","Accompanying USC Roski School of Art and Design dean Haven Lin-Kirk on a visit in China.","目前只写在中国访问，具体访问机构尚未确认。","",""
"25","2023c(1).png","curating-2023","2023","","Exhibitions and exchanges","A photograph associated with curatorial work connecting CGU, USC, Tianjin and Guangzhou.","当前说明较概括，建议补充具体展览名称、地点及人物。","",""
"26","194.JPG","houston-2026","2026","Houston, Texas","A family gathering","With family and guests at the National ACE Annual Conference in Houston, Texas.","英文保留活动及家庭合影信息；没有逐一列出原中文说明中的亲属及嘉宾身份。","",""
"27","DSC_0057.jpg","minnesota-collection","待确认","Minnesota","In the museum collection","A collection exhibition at the Minnesota Museum of American Art.","年份待确认；可补充该收藏展的名称。","",""
"28","IMG_3623.jpg","alisan-anniversary-02","待确认","Hong Kong","Celebrating the gallery","With former Hong Kong Chief Executive Tung Chee-hwa and his family at the Alisan Fine Arts 35th anniversary exhibition opening.","年份待确认。同为 35 周年活动的另一张照片记为 2016，但此张暂不自动补入年份。","",""